{"cameraMode":{"drawMode":0,"name":"Shaded","section":"Shading Mode"},"sceneLighting":true,"audioPlay":false,"sceneViewState":{"m_AlwaysRefresh":false,"showFog":true,"showSkybox":true,"showFlares":true,"showImageEffects":true,"showParticleSystems":true,"showVisualEffectGraphs":true,"m_FxEnabled":true},"in2DMode":false,"pivot":{"x":-11.607261657714844,"y":5.303570747375488,"z":8.051168441772461},"rotation":{"x":-0.024296538904309274,"y":-0.6762011051177979,"z":0.02232239581644535,"w":-0.7359792590141296},"size":25.528385162353517,"orthographic":false}